pattern,action,result,incident_signature,root_cause,successful_resolution,raw_incident_signature,semantic_incident_signature
"{'predicted_fault_severity': 2, 'severity_type': 'severity_type 2', 'resource_type': 'resource_type 5', 'event_types': ['event_type 10', 'event_type 12', 'event_type 14'], 'log_features': ['feature 64', 'feature 82', 'feature 91'], 'volume': 250}",Clear stale sessions,SUCCESS,,,,,
"{'predicted_fault_severity': 2, 'severity_type': 'severity_type 2', 'resource_type': 'resource_type 5', 'event_types': ['event_type 10', 'event_type 12', 'event_type 14'], 'log_features': ['feature 64', 'feature 82', 'feature 91'], 'volume': 250}",Clear stale sessions,SUCCESS,,,,,
"{'predicted_fault_severity': 2, 'severity_type': 'severity_type 2', 'resource_type': 'resource_type 5', 'event_types': ['event_type 10', 'event_type 12', 'event_type 14'], 'log_features': ['feature 64', 'feature 82', 'feature 91'], 'volume': 250}",Restart services,SUCCESS,,,,,
"{'predicted_fault_severity': 2, 'severity_type': 'severity_type 2', 'resource_type': 'resource_type 5', 'event_types': ['event_type 10', 'event_type 12', 'event_type 14'], 'log_features': ['feature 64', 'feature 82', 'feature 91'], 'volume': 250}",Restart services,SUCCESS,,,,,
"{'predicted_fault_severity': 2, 'severity_type': 'severity_type 2', 'resource_type': 'resource_type 5', 'event_types': ['event_type 10', 'event_type 12', 'event_type 14'], 'log_features': ['feature 64', 'feature 82', 'feature 91'], 'volume': 250}",Inspect memory usage,SUCCESS,,,,,
"{'predicted_fault_severity': 2, 'severity_type': 'severity_type 2', 'resource_type': 'resource_type 5', 'event_types': ['event_type 10', 'event_type 12', 'event_type 14'], 'log_features': ['feature 64', 'feature 82', 'feature 91'], 'volume': 250}",Inspect memory usage,SUCCESS,,,,,
"{'predicted_fault_severity': 2, 'severity_type': 'severity_type 2', 'resource_type': 'resource_type 5', 'event_types': ['event_type 10', 'event_type 12', 'event_type 14'], 'log_features': ['feature 64', 'feature 82', 'feature 91'], 'volume': 250}",Inspect memory usage,SUCCESS,,,,,
"{'predicted_fault_severity': 2, 'severity_type': 'severity_type 2', 'resource_type': 'resource_type 5', 'event_types': ['event_type 10', 'event_type 12', 'event_type 14'], 'log_features': ['feature 64', 'feature 82', 'feature 91'], 'volume': 250}",Inspect memory usage,SUCCESS,,,,,
,,,"Severity Type: severity_type 2 | Resource Type: resource_type 5 | Event Types: event_type 10,event_type 12,event_type 14 | Log Features: feature 64,feature 82,feature 91",Memory Exhaustion,Inspect memory usage,,
,,,"Severity Type: severity_type 2 | Resource Type: resource_type 5 | Event Types: event_type 10,event_type 12,event_type 14 | Log Features: feature 64,feature 82,feature 91",Memory Exhaustion,Inspect memory usage,,
,,,,Backhaul Congestion,Inspect backhaul utilization and redistribute traffic,"Severity Type: severity_type 2 | Resource Type: resource_type 5 | Event Types: event_type 10,event_type 12,event_type 14 | Log Features: feature 64,feature 82,feature 91","Severity: Minor Alert | Resource: Fiber Infrastructure | Events: Network Recovery Event,Queue Overflow Alert,High Latency Alert | Feature Groups: Traffic Indicators,Traffic Indicators,Traffic Indicators"
,,,,Backhaul Congestion,Inspect backhaul utilization and redistribute traffic,"Severity Type: severity_type 2 | Resource Type: resource_type 5 | Event Types: event_type 10,event_type 12,event_type 14 | Log Features: feature 64,feature 82,feature 91","Severity: Minor Alert | Resource: Fiber Infrastructure | Events: Network Recovery Event,Queue Overflow Alert,High Latency Alert | Feature Groups: Traffic Indicators,Traffic Indicators,Traffic Indicators"
,,,,Backhaul Congestion,Inspect backhaul utilization and redistribute traffic,"Severity Type: severity_type 2 | Resource Type: resource_type 5 | Event Types: event_type 10,event_type 12,event_type 14 | Log Features: feature 64,feature 82,feature 91","Severity: Minor Alert | Resource: Fiber Infrastructure | Events: Network Recovery Event,Queue Overflow Alert,High Latency Alert | Feature Groups: Traffic Indicators,Traffic Indicators,Traffic Indicators"
,,,,Security Incident,Block malicious sources and apply mitigation controls,"Severity Type: severity_type 2 | Resource Type: resource_type 5 | Event Types: event_type 10,event_type 12,event_type 14 | Log Features: feature 64,feature 82,feature 91","Severity: Minor Alert | Resource: Fiber Infrastructure | Events: Network Recovery Event,Queue Overflow Alert,High Latency Alert | Feature Groups: Traffic Indicators,Traffic Indicators,Traffic Indicators"
,,,,Backhaul Congestion,Inspect backhaul utilization and redistribute traffic,"Severity Type: severity_type 2 | Resource Type: resource_type 5 | Event Types: event_type 10,event_type 12,event_type 14 | Log Features: feature 64,feature 82,feature 91","Severity: Minor Alert | Resource: Fiber Infrastructure | Events: Network Recovery Event,Queue Overflow Alert,High Latency Alert | Feature Groups: Traffic Indicators,Traffic Indicators,Traffic Indicators"
,,,,Backhaul Congestion,Inspect backhaul utilization and redistribute traffic,"Severity Type: severity_type 2 | Resource Type: resource_type 5 | Event Types: event_type 10,event_type 12,event_type 14 | Log Features: feature 64,feature 82,feature 91","Severity: Minor Alert | Resource: Fiber Infrastructure | Events: Network Recovery Event,Queue Overflow Alert,High Latency Alert | Feature Groups: Traffic Indicators,Traffic Indicators,Traffic Indicators"
